component,share,covariance_with_ln_y,variance_ln_y
firm_productivity,0.10704861930719733,0.1357537145875001,1.2681500748545647
capital_factor,0.04765623694470173,0.06043526044871037,1.2681500748545647
worker_human_capital,0.1911910847232102,0.2424589884032644,1.2681500748545647
residual,0.6541040590248909,0.8295021114150899,1.2681500748545647
total,1.0,1.2681500748545647,1.2681500748545647
